"Responses ""Mostly bad""","Responses ""Mostly Good"""
Because I don't have a social life outside of work,I think it is an effective way to connect with the rest of the world.
"Because I enjoy keeping up with friends and family and seeing how others feel about what is going on in the world. Social media can be good, I just don't think it is mostly good because most people use it to spread hate or to gain likes and followers that ruin their own self esteem",I use it to catch up on the news and keep up with any of my friends updates in their life.
Because I have downtime at work and there isn't much else to do.,I used it to strengthen my understanding of what is going on in the world.
Because I like it and I'm no better than anyone else. I try to limit it,Because it helps me to find info out about things i need or want.
Because I still use it for news regarding sports,To check on breaking news and check in some influencers I follow to get new product content.
"Because I, like many other people, am only human and I have to sustain my craving for entertainment somehow.",To learn about the state of the economy.
Because it is addictive ,I think it can be either it just depends on the user
Because it's a habit and I still get enjoyment out of using it.,Catch up with friends
because it's necessary for my job,I put together a playlist of farming videos that we watched while getting ready for the day and then eating lunch.
because its not bad for me. I am ok with using it.,I learned about something that could be helpful in my life
Boredom and habit,I was bored and it is routine for me. It keeps me in the loop.
"boredom, getting news updates about things i care about",I use social media for entertainment and to stay up to date on what is happening.
"Boredom, looking for a specific thing",To check on the current trending global news.
Catch up with what people I know are doing an look into personal research,To learn more about what's happening in my area.
cause not all of it is bad. Its just easy to waste a lot of time on it.,"To see whats going on in the world today, like what our president is up to, watching shorts and videos on lots of things, and of course who isn't wondering whats up with them ""you know who"" files and also where the heck is Savannah Guthries mom!?"
Curiosity ,to keep up with whats going on in the lifes of family and friends
entertainment ,To see what my family has been up to and check facebook marketplace
entertainment and check up on family and friends,Because I think the good outweighs the bad to a large extent. 
Entertainment.,for entertainment purposes
"Even though I think it's bad , I still do it as all people do even though some things bad someone out , there are still gonna do it",Social Media had brought resources and perspectives that are life changing
For current news,"I used social media today to stay connected with friends and family and to keep up with news and useful information. It helps me learn new things and stay informed, which is why I think social media is mostly good."
For entertainment,"To keep up with my friends' lives, news updates, general entertainment."
For entertainment and because I was bored.,I like watching diy videos and looking at pictures and videos of people
"For entertainment, and time wasting",It spreads a lot of information.
"For news, entertainment, connecting with friends",Fun 
"For two reasons. One is to maintain long-distance family connections with my in-laws, and the other is because I'm a fledgling author, and I use it to maintain fan connections. ",To check out some news.
habit,I used social media today because of boredom. I thought it would be fun to use social media today because of how bored I felt which is why I used social media today.
Habit or checking in on friends the only thing its good for,I think social media can connect people and provide information. It's not all good however.
Habit. ,to check on my friends
I am addicted,"To check specific accounts on Facebook (kids school, etc.) and to read specific Reddit forums"
I am addicted to it. I need it to stay connected and entertained. It's bad for me too.,To get unfiltered news
I am addicted to it. I scroll endlessly on my phone and I'm trying to get better with it. ,I used social media to keep informed on what is going on in the world right now.
"I am entertained by it. I, however, think it's mostly spreading misinformation and radicalizing individuals without the intelligence to separate facts from opinion and propaganda.","i think it is a source of entertainment and can be educational, both good things."
"I am not blind to the fact I am probably addicted in some way. I also use social media as a way to stay in-the-loop of what is popular in culture. (I only feel this way because everyone else uses social media - if nobody used it and I still had the option to, I would largely avoid it)",I use it because i enjoy using it
I am very bored ,It helps me get through my day and check up on my friends and family.
I avoid the bad parts.,to look at the videos my daughter sent me then I just started to scroll
I can recognize something is bad while still using it,to pass time and my daughter message me on instagram
I did a quick check on my friends - I send birthday wishes daily.,I think overall it is a good thing. People have access to news and you can keep up with friends and family. You just have to be smart and be careful.
I do it idly and I like reading drama on reddit. Tiktok does have some interesting videos ,People have more of an opportunity to get their products out there. Who they are and express themselves. you also get to see new products that maybe you wouldn't have seen otherwise. They only down side is scare marketing tactics or false advertisement.
I don't use it for arguing or spreading negativity or misinformation ,I don't leave my house much and I don't have TV so it's my connection to the wider world
"I enjoy using it, but it can be addictive.",I use it for usually news and entertainment
"I feel it is toxic because many people live fake lives and only show the good parts. But for some reason, it is still engaging and a good way to waste time.",To see what's new with the world today 
I feel like I need it to stay informed,Just for entertainment.
I feel like I've also become affected by the obsession of checking or being on your phone. I find myself aimlessly wandering to twitter or Instagram just to scroll.  used it today when it was slow at work and I was bored,It can be used  for something better.
"I feel like it is necessary in order to communicate and connect with other people, there are very few other options for this ",Keeps people connected even though it can be bad in many ways as well.
"I feel like it should be neutral, but it has drifted away from what it used to be.  I could go on Facebook and see what my friends are up to or look at pictures of family and friends.  I could connect easily.  Now I feel like it is moving towards neverending ads and I barely see what I used to enjoy seeing.  I could also find new things that might spark my interest, but not it seems like its becoming an endless scroll of sameness.  I use it since I am able to find information when i'm looking for it, such as searching Facebook marketplace for hard to find items to purchase or shop for.  I've also come accross a few opportunities on facebook, such as signing up for a free test kit that was mailed to my house.  I am also a memeber of a few Facebook groups where I can find people who have the same hobby or issue as me, and I can get information and share information.  The issue is the social media apps are getting more intense in terms of causing my brain to feel like my attention is being stretched.",Mostly just to take up spare free time and try to stay connected with the ongoing in the world.
I feel like it's hard to stop using it. I get anxious that I'll miss something,I usually check social media when I wake up to see if I missed anything that happened overnight.
I had 10 minutes to wait in between appointments and opened it out of habit,Entertainment
I know it takes up my valuable time but sometimes I like to scroll just to relax and not think about what i should be doing,looking at my facebook feed
I like checking in with friends that do not live near me.,just like news to stay informed on current events.
I like seeing the different posts,I used it to look for updated posts from friends and family and to look for posts from my neighborhood.
I like to pass the time.,keep up with family
I mostly use social media to keep up with friends or get update on things I like ,To send a message to a friend.
"I only use YouTube really, which I use to watch videos, not connect with other people/compare my life. I don't necessarily think of YouTube as the same type of social media platform as something like instagram or facebook. ",Just to try to relax and unwind a little.
I rely on it too much and find it entertaining.,entertainment
"I set filters for what I want to see, and I try to choose positive content. There a lot of information still to be find if you search for it. I search for what I want to see. Also, sometimes I get breaking news from Reddit.","I went on initially to search for dinner recipes and to a subreddit for the county that I live in, looking for events to go to this weekend. "
I spend a lot of time at home so I use social media as a means of connecting with other people and staying informed about current events.,To keep up with friends and local events. Also keeping up with world events
"I think it has benefits but I think right now it is doing more harm than good in society. I think it has desensitized people, especially younger people, in a detrimental way, that we will be seeing as these people continue to age and technology becomes even more integrated.",To keep in touch with family
I think that it's created a society where people don't want to do things in person any more and when I'm out in public almost every person is staring at their phones like zombies.,"keep in touch with people, make new connections, research"
"I think there are many factors that go into this. I am older, so I don't think it has the same impact on my self-confidence and mental well-being as it does on those much younger than me. I am also young enough and have worked with AI enough I am able to differentiate between fake news and fact check anything I find questionable. I also have curated my feed so that it doesn't show certain types of material to protect my own mental health ( even though this type of behavior does contribute to the echo-chamber problem on a larger scale). All of this aside, I used facebook because it is an easy way to find out about family, friends, and local events. I use reddit because it is interesting. ",It gives me a laugh and uplifts my mood 
I try to stick to the subreddits of hobbies to avoid the negativity.,To connect with others and stay informed
I try to use the good side of it by staying connected with friends and people I haven't seen in a long time.,connect people
"I use it for entertainment (YouTube, which I think is not a traditional social media) and for news updates",I don't understand what this questions is asking
"I use it to check on family & friends. I do also use it for work. I think depending on HOW social media is used by lots of people makes a huge difference. Seems like lately, there's been a lot of negativity from many people. I limit myself to short bursts of checking in on folks quickly because l don't want to see all the negative things. ",It helps family stay in touch and helps with boredom.
I use it to keep in touch with family who live far away. I wanted to see if anything was new with them which is why I checked my Facebook feed.,to keep track of people I knoww who have moved away out of town
I use it to optimize my Prolific work. ,Because you get information and different insight on news weather it is true or not
I use it to pass time,"To look at dogs and cats to lift my mood :) I think it's mostly good because it brings people together, and accelerates (in my mind) social changes"
I use it to see what my friends and family are up to but all of the ads can become irritating.,To check out some family/friends highlights from another state.
I use it to stay up to date on news and items that I am interested in.,"I think that more the most part social media platforms are a space for share memories, stories, ideas, and promotions"
I use social media to stay in touch with friends. The reason I believe it's bad for society is that our children's use of it is becoming their entire person.,"to catch up on foster cat updates, any yarn preorders, some news, general entertainment."
I want to keep up with what is going on. It is a good source of news for me.,To keep informed of the latest happenings in the news and national politics.
I wanted to know people's opinions on a specific product to help me decide whether or not to buy it.,It gives people another perspective on new products to buy
I wanted to see what my friends were up to.,To get unbiased news and connect with others you wouldn't otherwise meet in normal life. 
I was bored.,To look for new information about tech advances and political content
I was referring mainly to children,To connect with my friends and learn more about current events
I was trying to keep up with current trends,I wanted to check what was going on in the world
I'm a troll.  I like it,
I'm addicted to it and very bored at work,
"I'm bored, and sometimes it's funny",
"If I could put a picture here I would just put that meme of a peasant saying I wish society would improve and that smug lil guy popping up and saying ""yet you participate in society hmm"". Its a ridiculous question. The whole worlds shit, but you still have to make a life on this abyssmal rock.",
"It allows some of the worst people in our society to have a platform. This includes anti-vax nuts, Islamists who hate Jews, and men who think they are women to act as if we should center their gender silliness. ",
It distracts me and is fun,
It is a bad habit. It is intellectual laziness. I ought to do better.,
"It is entertaining and interesting, even though it's a bad habit.",
it spread misinformation easily and manipulates people leaves them uninformed and unaware of truths in society ,
"It's a bad habit! I do like to read Reddit, although I can recognize that social media is inherently bad for society. ",
it's a good means to waste time and keep up with current events ,
It's a good way to gauge how the average person is feeling about political issues.,
It's a habit at this point.,
It's a habit.,
"It's addictive, I like the illusion of thinking I might learn something useful",
It's become a bad habit that's hard to knock. It's almost like a mild addiction.,
It's how I stay connected to the goings on in my neighborhood and my kids' schools. ,
It's mostly habit. I've been on social media for a very long time.,
Its a habit at this point. but it's also just about the only way i can keep up with my extended family ,
Its a way to stay closer to friends and family,
Its addicting and its hard to get off of for fear of missing out,
its addicting and its how I get my news and interact with the world,
Its the main way I see updates from my family. Its the main way I see pictures and videos of my niece. ,
Like most people I have an addictive tendency to get on when I am bored. I use it as a time filler when i am doing things like standing in line. rather than being productive ,
Mostly bad doesn't mean entirely bad. I like following what my friends and family are up to and talking to them about their lives.,
Mostly for travel videos.,
Out of habit mainly and to check in on friends,
Out of habit unfortunately,
"People say so, it takes mental toll society seems less happy these days.",
People spend too much time scrolling through social media. The time could be spent doing something productive. ,
"Probably because I'm nosy, and want to see what people are up to!",
review needed,
Social media is a form of entertainment and is one of the ways to stay connected with what's happening in the world,
"This feels like gaslighting. The question should honestly be ""who doesn't use it?"" Alcohol is mostly bad, but we still indulge. But there's a good amount of people who eat, sleep, and breathe social media.",
To be able to stay informed,
To distract me and keep my mind busy,
To keep connected with family and friends,
To keep in touch with family ,
To keep me entertained while doing household chores.,
To keep track of what my kids are up to,
To keep up with current events and to connect with my peers,
To keep up with friends,
To keep up with what friends are doing,
To kill time,
to look at animal shelter dogs,
To look for local events I'll enjoy and see cute animal photos.,
To see video clips.,
To stay connected and to be entertained.,
To stay up to date on the NFL Draft combine,
To view video content from individual creators.,
Unfortunately I have to as a business owner,
Use to keep up with friends and family ,
"While I believe it is ""mostly bad,"" I also believe there are some positives to using various social media platforms if people curate them to their interests ",
"Why'd you ask for a detailed writing prompt for 40 cents, without using the Writing flair on Prolific? We all do stupid things we shouldn't for shits and giggles.",
"With the state of our country right now, many peoples algorithm tends to keep showing us all the bad thing that are happening and it is not healthy for peoples mental health ",